"What bank, which is the 5th largest in the US, is based in Pittsburgh?",PNC
How many bridges does Pittsburgh have?,"4463, according to the text. However, the text also mentions that over 2000 bridges span the landscape of Allegheny County, so the total number of bridges in the area is likely much higher."
Who named the city of Pittsburgh?,"General John Forbes named the city of Pittsburgh in honor of British statesman William Pitt, 1st Earl of Chatham."
At what park do the three rivers converge in Pittsburgh?,Point State Park
How many neighborhoods does Pittsburgh have?,90
What Pittsburgh neighborhood is also known as Little Italy?,Bloomfield
What is the largest employer in Pittsburgh?,The University of Pittsburgh Medical Center employs 48000 people.
What Pittsburgh rapper has an album title referencing Frick Park?,Mac Miller's album title is Blue Slide Park.
What famous vaccine was developed at University of Pittsburgh in 1955?,The first polio vaccine was developed at University of Pittsburgh in 1955.
What Pittsburgh bridge was the first lenticular truss bridge?,The Smithfield Street Bridge
What city in China is a sister city of Pittsburgh?,Wuhan
What day was Pittsburgh founded?,"Pittsburgh was founded on May 24, 2024 (for the Friday's event). However, the city was incorporated as a city on April 22, 1794."
Who is Pittsburgh named after?,"William Pitt, 1st Earl of Chatham."
Who was Pittsburgh's first mayor?,Ebeneezer Denny
Who was Pittsburgh's first (and only) female mayor?,Sophie Masloff
What day were the Pittsburgh Steelers founded?,1933.
Which sports team is the oldest professional sports team in Pittsburgh?,Pittsburgh Pirates (baseball)
What famous American artist has a museum dedicated to his work in Pittsburgh?,Andy Warhol.
What is the name of the dinosaur statue outside the Carnegie Museums in Oakland?,The name of the dinosaur statue outside the Carnegie Museums in Oakland is not mentioned in the provided text.
What Pittsburgh neighborhood is home to the steepest street in the US?,"The neighborhood names that make reference to hills heights or similar features. (For example, Mt. Washington, Mt. Oliver, etc.)"
What is the amusement tax rate in Pittsburgh?,5%
"Based on the definition of a Performing Art in the Pittsburgh tax code, is admissions to a movie theater considered a Performing Art?",No
Where should tax-related petitions to the Treasurer of Pittsburgh be mailed to?,"414 Grant St, Pittsburgh PA 15219-2476."
Within what time frame shall the Treasurer of Pittsburgh respond to a tax-related petition?,60 days.
After 2016, when is the payroll tax for the first quarter due?,"May 31, based on payroll expense in January, February, and March of the current year."
Under the Pittsburgh payroll expense tax regulations, how long does a Taxpayer have to respond to audit notices?,"1159PM Eastern Time on the due date for electronically submitted reports, and a two-day grace period for privately postmarked mailed reports."
What is the maximum fine for making a false statement on a tax return in Pittsburgh?,The documents do not provide the maximum fine for making a false statement on a tax return in Pittsburgh.
"Except for new businesses, when are both the tax return and payment due in Pittsburgh?",30 days after the quarter end for the prior quarters activity.
At what address can forms for tax returns be obtained in the city of Pittsburgh?,"City-County Building, Pittsburgh, Pennsylvania 15219."
How much is the Local Services Tax in Pittsburgh?,"$1 per employee per week for employees earning more than $12,000 annually."
What is the parking tax rate in the city of Pittsburgh?,0.55%
Who is the current chief of staff of the mayor of the city of Pittsburgh?,Jake Wheatley
Who is the current director of finance of the city of Pittsburgh?,The current director of finance of the city of Pittsburgh is not listed in the provided document.
What is the projected total revenue for the city of Pittsburgh in 2025?,"1,191,666 + 1,179,868 = 2,371,534. However, the document does not provide the projected revenue for 2025. The given data is for the revenue in 2024."
What was Pittsburgh's total revenue in 2021?,"1,191,666 (This is the revenue from the document provided, but it's not clear if it's the total revenue for Pittsburgh in 2021 or just a part of it.)"
"In 2024, what percentage of the projected total revenue will be non-tax revenue?",24.1%
"In 2022, how much did the city of Pittsburgh spend on the Bureau of Police?","69,637,426 dollars."
"In 2022, how much did the city of Pittsburgh spend on Parks and Recreation?","5,572,657 dollars."
How often is the City Clerk elected by members of the Pittsburgh City Council?,"The City Clerk is not elected by members of the Pittsburgh City Council. Instead, the City Clerk is an appointed position."
How much did the Fire Chief in Pittsburgh make in 2023?,"137,279."
Who is the concertmaster of the Pittsburgh Symphony Orchestra?,Charles Stegeman
Who is the acting principal violist of the Pittsburgh Symphony Orchestra,There is no mention of the acting principal violist in the provided documents.
Who is the principal bassist of the Pittsburgh Symphony Orchestra,"I'm sorry, the provided documents do not mention the name of the principal bassist of the Pittsburgh Symphony Orchestra."
Who is the assistant librarian of the Pittsburgh Symphony Orchestra,"I'm sorry, there is no related document that answers the question directly. However, based on my knowledge, the Pittsburgh Symphony Orchestra does not have an assistant librarian mentioned in the provided documents."
When do doors open before performances for concerts at the Pittsburgh Symphony for classical concerts?,10:00 AM to 30 minutes after start of performance.
Is there an official dress code for Heinz Hall?,"No, there is no official dress code for Heinz Hall."
"What two operas are being performed at the Benedum Center on Nov 9, 12, 15, and 17?",Mascagni's Cavalleria Rusticana and Leoncavallo's Pagliacci.
What opera is being performed by an all-Japanese and Japanese American creative team at the Benedum Center in March 2025?,Madama Butterfly
Who is the current leader of the Pittsburgh Opera?,"The current leaders of the Pittsburgh Opera are Antony Walker (Conductor), Linda Brovsky (Stage Director), John Gunter (Scenic Designer), Alice Bristow (Costume Designer), Andrew Ostrowski (Lighting Designer), Cindy Knight (Stage Manager), Matthew Haney (Assistant Stage Director), Alex W Seidel (Assistant Stage Manager), Nick Garcia (Wig and Makeup Designer), James Geier (Assistant Wig and Makeup Designer), Nicole Pagano (Assistant Lighting Designer), Todd Nonn (Prop Master), Glenn Lewis"
Who is the current music director of the Pittsburgh Opera?,Antony Walker
Who is the current resident pianist for the Pittsburgh Opera?,The current resident pianist for the Pittsburgh Opera is not mentioned in the provided documents.
Where does the Pittsburgh Opera perform?,"2425 Liberty Ave, Pittsburgh, PA 15222."
What is the suggested time to arrive before a show at the Pittsburgh Opera?,30 - 45 minutes before the start time.
"What dates is ""Peter Pan"" by the Pittsburgh Ballet Theater playing at the Benedum Center?","October 25, 26, and 27, 2024."
When was the Pittsburgh Cultural Trust founded?,1984.
How many square blocks is the Pittsburgh Cultural District?,14 blocks.
What are the gallery hours for The Galleries at the Pittsburgh Cultural Trust?,"11am - 5pm, Wednesday to Sunday. Closed 1 - 1:30pm."
What are the dates for Monument Eternal: Le’Andra LeSeur at the Wood Street Gallery?,Sat Feb  1  Sat May 17 2025.
What number can you call to purchase Cultural Trust event tickets?,4124566666.
What is the reprint fee per ticket for Cultural Trust event tickets?,There is no reprint fee for Cultural Trust event tickets.
What year did Little Italy Days start?,2002.
On what date does Pittsburgh Restaurant Week Winter 2025 begin?,"January 13, 2025."
When does Pittsburgh Restaurant Week Winter 2025 end?,"Sunday, January 19, 2025."
What is the location of The UPMC Rink at PPG Place?,Downtown Pittsburgh during the holidays.
In what year did the UPMC Rink at PPG Place become a staple holiday attraction in Downtown Pittsburgh?,2001.
What type of celebration is the Pittsburgh Irish Festival?,St Patricks Day Parade
"Besides live music and dance, what activities are offered for children at the Pittsburgh Irish Festival?","Scavenger hunts, brick building STEM activities."
What year was the Pennsylvania Railroad Station opened?,1851.
Where is St. Stanislaus Kostka Church located?,"I'm sorry, St. Stanislaus Kostka Church is not mentioned in the provided documents."
What architectural styles are reflected in St. Stanislaus Kostka Church?,The church reflects a mix of Byzantine and ecclesiastical styles.
What is the name of the bridge connecting the Allegheny County Courthouse to the prison?,Bridge of Sighs
How tall are the columns at the Mellon Institute of Industrial Research?,"8000 square feet or 740 m2. The question asks for the height of the columns, but the document does not provide that information. Therefore, no helpful answer is available based on the provided documents."
In what year did the original Allegheny County Courthouse burn down?,1886 (The original Allegheny County Courthouse burned down before the completion of the third and present Allegheny County Courthouse in 1886.)
In what year was Carnegie Mellon University founded?,1900 (as Carnegie Technical Schools)
How many faculty members are there at Carnegie Mellon University?,"The documents do not provide the number of faculty members at Carnegie Mellon University. However, the university is known for having many Nobel and Turing Award winners among its faculty and alumni."
What programming language was invented by CMU alumnus James Gosling?,Java
In what year was the first U.S. degree in drama awarded by CMU?,1914.
What neighborhood in Pittsburgh is known for having the best view of the city?,Mount Washington.
Which Pittsburgh neighborhood is recognized for its historical black culture and change?,"90 unique neighborhoods in Pittsburgh. (Note: The question asks for a specific neighborhood, but the provided documents do not give a definitive answer. The answer given is a general statement about Pittsburgh's cultural offerings.)"
Where is Pittsburgh’s largest Episcopal church located?,Pittsburgh Theological Seminary
What neighborhood has a reimagined industrial mill town with breweries and local shopping?,Strip District.
What Pittsburgh neighborhood features both world-class hospitals and museums?,The Oakland neighborhood
What nickname was given to Pittsburgh due to its strategic location?,Gateway to the West
What Pittsburgh-based food manufacturer is known for their philanthropy?,afco (American Food and Culture Organization)
What was Pittsburgh’s rank in size among U.S. cities during the mid-1950s?,Pittsburgh's rank in size among U.S. cities during the mid-1950s is not provided in the related documents.
What pittsburgh neighborhood is Dr. Tumblety’s Apothecary and Tasting Lounge located in?,Lawrenceville
What unique collection is housed in the Bayernof Museum in pittsburgh?,The Bayernhof Music Museum houses an eclectic collection.
What is Pittsburgh's oldest vegan restaurant?,"15 of the city's top vegan restaurants, cafes, pizza places, bakeries, and ice cream shops. (The question does not specify the oldest one.)"
What abandoned state correctional facility is located at the end of one of Pittsburgh’s bike trails?,The document does not provide information on an abandoned state correctional facility located at the end of one of Pittsburgh’s bike trails.
"What is the name of the museum in Garfield that explores the relationship between culture, nature, and biotechnology?",The Center for PostNatural History
Where is the 17th International Exhibition of Botanical Art & Illustration held?,"5th Fl., Hunt Institute for Botanical Documentation."
How many artists and countries are represented in the 17th International Exhibition of Botanical Art & Illustration?,43 artists and 19 countries.
What medium is used for the artwork 'Arisaema ringens' by Marianne Hazlewood featured in the 17th International Exhibition of Botanical Art & Illustration?,The medium for the artwork 'Arisaema ringens' by Marianne Hazlewood is botanical art.
How many botanical artists are recorded in the Catalogue of the International Exhibition of Botanical Art & Illustration database?,43 artists.
What anniversary does the 'Here to Stay: Celebrating 40 Years at the Architecture Archives' exhibition celebrate?,40th anniversary of the Architecture Archives.
Who is the head paleontologist that guest-starred on Daniel Tiger’s Neighborhood?,There is no helpful answer related to the question from the provided documents.
How many specimens are displayed in Hillman Hall at the Carnegie Museum of Natural History,The documents do not provide information on the number of specimens displayed in Hillman Hall at the Carnegie Museum of Natural History.
How many objects from ancient Egypt does the Carnegie Museum of Natural History have in its collection?,More than 80 ancient Egyptian objects are featured in the exhibition.
How many objects are highlighted in The Stories We Keep: Conserving Objects from Ancient Egypt exhibit?,More than 80 ancient objects are highlighted in The Stories We Keep exhibit.
When does The Stories We Keep: Conserving Objects from Ancient Egypt exhibit run until?,"Mar 9, 2025."
Which Pittsburgh jazz club is located in the Strip District?,"There is no jazz club in the Strip District mentioned in the provided text. However, the Pittsburgh International Jazz Festival takes place in Downtown Pittsburgh."
Which jazz pianist from Pittsburgh is known for their contributions to the jazz scene?,Lynn Speakman
Who is a famous Pittsburgh-born jazz drummer mentioned in the 'jazz heaven' band?,Brett Williams
Which jazz composer from Pittsburgh is known for writing for the greats?,Billy Strayhorn
What annual jazz festival takes place in downtown Pittsburgh every June?,There is a mistake in the question. The Pittsburgh International Jazz Festival takes place in September.
How much did Andrew Carnegie donate to establish a technical institute in Pittsburgh in 1900?,1 million dollars.
"Who was the first student to receive a doctorate from Carnegie Tech, and in what year?",Mao Yisheng received the first doctorate from Carnegie Tech in 1919.
What significant technological advancement arrived at Carnegie Tech in 1956?,The arrival of the first IBM computer to campus.
When did Carnegie Mellon celebrate the 50th anniversary of the Carnegie Tech-Mellon Institute merger?,2017.
What major event in the mid-20th century marked a shift in gender inclusion at Carnegie Tech?,"1973, women joined their male peers in classrooms and dorms."
"What significant curriculum reform, launched in 1938, combined technical education with a broader understanding of society?",The 'Carnegie Plan'
On what date is Mitchell Tenpenny performing in Pittsburgh?,There is no related document for Mitchell Tenpenny's performance date in Pittsburgh.
Which hall is the Harry Potter and the Order of Phoenix Concert taking place?,Heinz Hall.
On what date is the Harry Potter and the Order of Phoenix Concert taking place?,"Sat Oct 26 and Sun Oct 27, 2024."
Where is the Lindenwood Lions vs Robert Morris Colonial's men's hockey match taking place?,The documents do not provide information on the location of the Lindenwood Lions vs Robert Morris Colonials men's hockey match.
When on November 2024 are Montreal Canadiens facing Pittsburgh Penguins?,"November 2, 2024."
What time does the Montreal Canadiens vs Pittsburgh Penguins match start on November the 2nd?,7:00 pm.
Which theater is the Beauty and Beast being performed in November?,Byham Theater.
Where are Dallas Stars playing Pittsburgh Penguins ?,"The document does not provide the location of the Dallas Stars playing Pittsburgh Penguins. However, it does mention that there is a Veteran's Day game between the two teams with a discounted ticket price of $30."
When are Dallas Stars playing Pittsburgh Penguins ,"November 11, 2024."
Where is Matteo Bocelli performing?,"Carnegie of Homestead Music Hall or Carnegie Music Hall (both in Pittsburgh, Pennsylvania, US)"
What dates in December is the Highmark Holiday Pops this year?,"Dec 13 to Dec 22, 2024."
When is the Dandy Andy Warhol’s Queer History event?,"3pm, last Saturday of each month."
When is the Coffee + connect event in October?,October 25 at 10:00 am - 11:00 am
Which venue is the Taekwondo 2024 Fall Nationals taking place?,David L Lawrence Convention Center
When is the Taekwondo 2024 Fall Nationals 2024?,October 23-26, 2024
When is Billie Eilish's concert in Pittsburgh? ,October 13, 2024 at 7 PM
When is Justin Timberlake performing in Pittsburgh?,"7:30 PM on Dec 14, 2024."
What time of the day does the Haunted Pittsburgh Ghost Tour take place?,7 pm.
What is the venue for the Steelers Tailgate?,Stage AE
Where is the Georgia Tech Yellow Jackets vs Panthers game taking place?,"Acrisure Stadium, Pittsburgh Pennsylvania."
When is the Georgia Tech Yellow Jackets vs Panthers game taking place?,February 25, 2025
When is the Goose concert in Pittsburgh?,"Nov 7, 2024, 8:00 PM."
What day of the week is the  Goose concert?,The Goose concert is on a Thursday.
When are the Steelers playing the Chiefs?,"Dec 25, 2024."
Who is moderating December's Lit Friday?,Jessica Lanay.
Who is the director of Strauss and Puccini?,Pittsburgh Symphony Orchestra.
Where can i watch Strauss and Puccini?,Heinz Hall.
"At which venue is ""Kim Bond: We Are Not Alone"" being held?","707 Gallery, Pittsburgh PA."
Who are the directors of MJ the musical?,Pittsburgh Cultural Trust for Creative Conversations and PNC Broadway in Pittsburgh for the production.
Which event is happening at the Benedum Center from November 19 to December 1?,MJ the Musical
When is Chris Knight performing in Pittsburgh?,Nov 20, 2024
Where is Chris Knight performing?,City Winery Pittsburgh.
Which bands are performing with Surfer Girl in Pittsburgh?,Coyote Island and Beach Fly
Where is the Surfer Girl concert taking place?,"Club Cafe, Pittsburgh PA."
Which game is scheduled at UPMC Cooper Fieldhouse at 1 pm on December 21st?,A men's basketball game between the Duquesne Dukes and the UC Irvine Anteaters
When are the Duquesne Dukes playing against the UC Irvine Anteaters?,"7:00 PM on Dec 27, 2024."
When is the remaining Ducks vs. Penguins match in 2024?,There is no related document to answer this question
When is the Elvis Christmas show happening? ,"Dec 10, 2024."
What is the date of the Thanksgiving Dinner Cruise?,There is no related document to answer this question.
When is Amy Sedaris’s comedy show?,"November 14, 2024."
"How long is the ""An Evening with Amy Sedaris"" show?","The documents do not provide information on the duration of the ""An Evening with Amy Sedaris"" show."
What day of the week is the Steelers vs. Chiefs game taking place?,The documents do not provide the day of the week for the Steelers vs. Chiefs game.
Who was the philanthropist who facilitated the opening of Pittsburgh's zoo and aquarium through his donations?,Christopher Lyman Magee
Henry W. Phipps donated which conservatory to the city of Pittsburgh?,Phipps Conservatory and Botanical Gardens.
What is the name of America's only independent bird sanctuary?,Pittsburgh Parrot Rescue.
How many Carnegie Museums are there in Pittsburgh?,7 museums.
What is the largest musuem dedicated to a single artist?,"I cannot answer this question based on the provided documents alone. However, according to my knowledge base, The Louvre Museum in Paris, France, is the largest museum dedicated to a single artist, as it houses the largest collection of artworks by Leonardo da Vinci, including the Mona Lisa and The Last Supper."
How far is the BayernHof Music Museum from downtown Pittsburgh?,6 miles or 9 km.
Which science center in Pittsburgh has interactive technology and science exhibits?,Carnegie Science Center
Where is the Smithsonian affilliated regional history museum in Pittsbugh?,The Senator John Heinz Pittsburgh Regional History Center.
In what year were both the museum for fine arts and natural history founded?,1956
Where does the Pittsburgh Symphony Orchestra perform?,"Heinz Hall, Pittsburgh, PA."
Carnegie Museum of Natural History has more than how many objects from Ancient Egypt?,80+ objects.
How many original fossils are on display in the Dinosaurs in their Time exhibit at Carnegie Museum of Natural History?,"10,000 original fossils are on display."
Who is the third base coach for the Pittsburgh Pirates?,Mike Rabelo
How many minutes after game time does the Pirates Main Ticket Office close on gameday Saturday and Sundays?,15 minutes after the game ends.
When did PNC park open?,2001
Who is the quarterbacks coach for the Pittsburgh Steelers?,"Bill Cowher (Bill Cowher was the head coach of the Pittsburgh Steelers from 1992 to 2006, he did not coach the quarterbacks during this time.)"
In which week are the Pittsburgh Steelers playing the New York Giants this season?,10th week.
Where is the Pittsburgh Steelers Hall of Honor dinner this year?,Acrisure Stadium.
What position does Sydney Crosby play?,Center
When are the Pittsburgh Penguins playing Edmonton in October?,"I cannot find the specific date from the provided documents. However, I can tell you that the Pittsburgh Penguins play their hockey games at PPG Paints Arena and that the arena has a capacity of 18,387."
What is the name of the Pittsburgh Steelers' rally towel?,The Terrible Towel
What was the Pirates' first home called?,Exposition Park
Who holds the Pirates' franchise record for the most bases,"333, this is the second best on base percentage in the National League."
In which year did the Pirates achive 100 wins for the first time?,2015.
Who do the Pirates play for their 2025 season opener on March 27?,The documents do not provide information on who the Pirates play for their 2025 season opener on March 27.
Apart from the MLB wide retired number 42 how many Pirates jerseys have been retired?,9.
Which is the only team to have won a World Series with a Game 7 walk-off home run?,The Pirates
How many consecutive seasons did the Pirates post a losing record to set a record?,20 consecutive losing seasons.
Who are the Steelers playing in the last week of the season?,There is no related document to answer this question.
When is the Steelers' spooktacular event?,"The Steelers' spooktacular event is on October 29, 2024."
What is the name of the Pittsburgh Steelers mascot?,Steely McBeam.
Which is the oldest franchise in the American Football Conference?,Pittsburgh Steelers
How many Super Bowls have the Steelers won?,6 Super Bowls won by the Steelers.
How many primary rivals do the Steelers have?,"3 primary rivals: Cleveland Browns, Baltimore Ravens, and Cincinnati Bengals."
What was the name of the Steelers cheerleading squad?,Steelerettes.
Who won the first NFL MVP from the Steelers?,Bill Cowher won the first NFL MVP for the Steelers in 2020.
Against which team this season are the Penguins giving out rally towels?,No information is provided in the related documents about which team the Penguins are giving out rally towels against this season.
Which is the first team to win back to back Stanley Cups in the salary cap era of the NHL?,The Pittsburgh Penguins won back to back Stanley Cups in the salary cap era of the NHL in 2016 and 2017.
Who was awarded the Foster Hewitt Memorial Award by the NHL Hall of Fame in 2001?,Mike Lange
Who has scored the most points in Penguins Franchise history?,59 points for Bathgate in the 1967-1968 season.
When was Picklesburgh 2024?,Thursday, July 18 to Sunday, July 21
On which plaza was Picklesburgh 2024 held?,The plaza where Picklesburgh 2024 was held is the Blvd of the Allies.
Name the new competition starting from Picklesburgh 2024.,Gherkin Games.
On which category does Picklesburgh rank as the number one?,"Picklesburgh is produced by the Pittsburgh Downtown Partnership. (This question is not directly related to the provided documents, but the answer is based on the given text.)"
On which avenue does Pittsburgh's Little Italy Days take place in 2024?,Little Italy Days takes place on Liberty Avenue in Bloomfield.
Two free parking garages are available in the Little Italy Days. One is the parking garage at Liberty & Aspen. What is the other one?,The other one is the parking garage at the corner of Smallman Street and 24th Street.
"In Little Italy Days 2024, what entertainment was scheduled from 6 p.m. onThursday, Aug. 15?","1995 for one or 3495 for two for VIP Experience includes access to VIP tent near main stage. (No specific information about the entertainment schedule on Thursday, Aug. 15 is provided in the related documents.)"
When did the Miss Little Italy Pageant 2024 start?,2019
How many hours earlier was the gold ticket holder able to enter the Pittsburgh Taco Festival 2024?,1.5 hours.
Did Yelp sponsor the Pittsburgh Taco Festival 2024?,"No, Yelp is not mentioned in the provided text."
Which email address can you contact about the Pittsburgh Taco Festival?,PRpghtacofestcom
Where was the Pittsburgh Taco Festival held?,The Strip District.
"What is the event held in Latrobe, PA in August?",The Banana Split Festival.
Which agricultural company sponsors the Great American Banana Split Celebration?,There is no specific agricultural company mentioned in the provided documents.
Can you enjoy a bingo game in the Great American Banana Split Celebration in 2024?,There is no mention of bingo in the provided documents.
What distance do you run in one of the events in the Great American Banana Split Celebration?,There is no information provided in the related documents about the distance of a run in the Great American Banana Split Celebration.
When does the soul food festival end each day in 2024?,10 pm.
"In 2024, the soul food festival is held on Market Square and Boulevard of the Allies between what and what streets?",Stanwix and Wood streets.
"In Soul Food Festival 2024, who plays in the main stage from 6 pm on Aug. 30?",Theresa Hawthorne Band
"On Sunday during the Soul Food Festival 2024, who plays on the DJ stage from 2 pm?",DJ Tee Jay
"In which place is Vegetarian and Vegan Food Festivals being held on Sept. 29, 2024?",Velum Fermentation.
More than how many businesses participated Lawrenceville Cookie Tour 2024?,30
In which seasons can you join Pittsburgh Restaurant Week?,Pittsburgh Restaurant Week takes place in both the summer and winter seasons.
"In Picklesburgh 2024, where can you find Millie's Homemade Ice Cream?",Millies Ice Cream is participating in Picklesburgh 2024.
"In Picklesburgh 2024, where can you find Cute as a Dumpling?","27 participating restaurants and boutiques, specific location not provided."
"There were three Gherkin Games in Picklesburgh 2024: Pickle Juice Drinking, Pickle Eating, and what?",A heartpounding pickle juice drinking contest.
Can you join a contest in Picklesburgh 2024 if you are 16?,"No, contestants must be 18 years of age or older."
For how many consecutive years is Picklesburgh voted as the number 1 food festival in America?,3 consecutive years.
Who founded the original Pittsburgh Taco Festival?,The Original Pittsburgh Taco Festival is an annual event. No specific founder is mentioned in the provided document.
Can you get any refund for 2024 Pittsburgh Taco Festival tickets?,Refunds will not be issued on any tickets for any reason.
Can you go to 2024 Pittsburgh Taco Festival with your pets?,"No, pets are not allowed at the festival."
Can you use credit cards at all vendors in 2024 Pittsburgh Taco Festival?,"Vendors are responsible for their own menus and how they choose to accept payments. If a vendor is cash only, they will be required to have visible signage stating so."
When did the early access of summer 2024 Pittsburgh Restaurant Week start?,"August 9, 2024."
In which year did Little Italy Days start?,2002.
Do you need a ticket to join Little Italy Days 2024?,"No, Little Italy Days 2024 is free to attend. However, there is an option for a VIP Experience with additional perks."
"If a high school student participates 5K Banana Run 2024, which age bracket will they be in?",18-19 years old (assuming they are in high school)
Who performed from 1pm to 2pm at Dollar Bank Stage in Banana Split Celebration 2024?,Jacian Blaze
What is the name of the kids activity area in Picklesburgh 2024?,The name of the kids activity area is not mentioned in the provided documents.
What is the size of Dill Pickle Flavored Peanuts at 306 Forbes Boutique in Picklesburgh 2024?,10 ounce cans.
What is the base alchol of Pickle Sour at Barcadia in Picklesburgh 2024?,Bourbon.
What type of specialized nights does the Carnegie Museum of Natural History offer for adults?,"The Carnegie Museum of Natural History offers specialized nights for adults, but the specific type of nights is not mentioned in the provided document."
"Which famous paleontologist from Carnegie Museum of Natural History guest starred on ""Daniel Tiger’s Neighborhood""?",Matt Lamanna
What is the name of the predator dinosaur that was discovered in Patagonia by the Carnegie Museum of Natural History team?,Tyrannosaurus rex
What is the special event designed for children ages 5-12 at Carnegie Museum of Natural History called?,Carnegie Museum of Art Youth Exhibition.
What unique feature does the Cafe Carnegie offer alongside regular dining options?,The Cafe Carnegie offers a free art gallery alongside regular dining options.
"What can visitors do in the new exhibit ""The Stories We Keep: Conserving Objects from Ancient Egypt"" at the Carnegie Museum of Natural History?","Visitors can engage with ancient objects, have conversations with museum conservators, observe the care and restoration of objects in real time, and attempt the work themselves by reassembling replicas of ancient artifacts."
"How many objects from Ancient Egypt does the Carnegie Museum of Natural History possess, as highlighted in their exhibit?",More than 80 ancient Egyptian objects are featured in the exhibit.
What exclusive gallery in the Carnegie Museum of Natural History features a large collection of gems and jewelry?,Sarah Mellon Scaife Gallery
Who does the Carnegie Museum of Natural History encourage to 'learn even more' during Super Science Saturdays with hands-on activities and craft stations?,Younger audiences.
"Until what date is ""The Stories We Keep: Conserving Objects from Ancient Egypt"" exhibit scheduled to continue?","Mar 9, 2025."
What types of sightseeing options are available in Pittsburgh based on the mode of transportation?,"You can take a tour by bike, trolley, boat, jet ski, kayak, funicular, bus, or Segway."
What kind of guided tour is offered for free in Pittsburgh?,1 p.m. Car and Carriage Museum Guided Tour.
Which riverboat options are mentioned for sightseeing in Pittsburgh?,"The text mentions riverboats as an option for sightseeing in Pittsburgh, but it does not specify which particular riverboat is mentioned."
What alternative types of tours are available in Pittsburgh besides walking and boat tours?,"You can take a tour by bike, trolley, funicular, bus, or Segway."
What can one explore with the free walking tours in Pittsburgh?,"90 neighborhoods, parks, green spaces, and various tour options including bike, trolley, boat, jet ski, kayak, funicular, bus, and Segway."
What feature does Rivers of Steel Riverboat share with Gateway Clipper in Pittsburgh?,Both are iconic ways to take in the city via riverboat.
What is one of the prominent neighborhood features mentioned for exploring in Pittsburgh?,"90 neighborhoods, Inclines and trolleys, and riverboats."
What geographic feature does Pittsburgh uniquely offer for outdoor activities involving water?,Pittsburgh offers the rivers for water activities.
What type of tours can be enjoyed along Pittsburgh's riverfront trails?,"Tours can be enjoyed along Pittsburgh's riverfront trails by bike, trolley, boat, jet ski, kayak, funicular, bus, or Segway."
On what trail can you travel from Pittsburgh to Washington D.C.?,The Great Allegheny Passage and Chesapeake and Ohio Canal Towpath.
"Apart from golf, what other water sports can be enjoyed in Pittsburgh?","Pittsburgh's vibrant rivers have attracted annual world-title fishing competitions, including the Forrest Wood Cup and the Bassmaster Classic. Ice skating rinks are enjoyed at PPG Place and North Park during the winter months."
What is the starting point of the Great Allegheny Passage in Pittsburgh?,The starting point of the Great Allegheny Passage in Pittsburgh is where the Allegheny and Monongahela Rivers meet to form the Ohio River.
Where does the Montour Trail connect from and to?,The Montour Trail connects from Three Rivers Heritage Trail and to.
What app is recommended to download before visiting state parks and forests near Pittsburgh?,Waze
For what type of sightseeing is Pittsburgh recognized?,"Pittsburgh is recognized for various ways of sightseeing including trolleys, inclines, riverboats, biking, hiking, and numerous parks and green spaces."
How can one explore Pittsburgh trails?,"One can explore Pittsburgh trails by hiking, biking, and picnicking at the numerous parks and green spaces including Schenley Park and Point State Park. Additionally, one can take a ride on the historic Duquesne Incline for panoramic views of the city's skyline and rivers. Other options include tours by bike, trolley, boat, jet ski, kayak, funicular, or Segway."
What type of rentals are available along the riverfront trails in Pittsburgh?,"You can rent bikes, trolleys, boats, jet skis, kayaks, funiculars, buses, or Segways."
What historical nickname was given to Pittsburgh reflecting its early significance?,Pittsburgh was named in honor of William Pitt 1st Earl of Chatham.
What type of arts and culture events are suggested by the Visit Pittsburgh site to explore in the city?,"The Pittsburgh Cultural Trust site suggests exploring performing arts, visual arts, festivals, arts education, and urban development events in the city."
What specific museum is emphasized in promoting insight on a famous artist in Pittsburgh?,The Andy Warhol Museum.
What guide is suggested for tourists who want a comprehensive understanding of Pittsburgh's offerings?,Official Visitors Guide.
"For those interested in Pittsburgh's architectural developments, what transition is noted?",Pittsburgh transformed from an industrial hub to a leader in the green building movement.
Which musical heritage of Pittsburgh is noted to have information available in the section on related blogs?,Jazz Musicians from Pittsburgh
What type of promoting strategy is suggested for event planners looking to host meetings in Pittsburgh?,"Pittsburgh is a major meetings destination and we have what you need to make your event successful. Discover Pittsburgh venues, experiences, and activities that will make your event a success."
What is Bicycle Heaven recognized as worldwide?,Bicycle Heaven is recognized as having one of the largest collections of rare and vintage bicycles in the world.
Where can one find free entertainment in downtown Pittsburgh on the first or third Monday from February to October?,There is no related document to answer this question.
What type of tours does the Pittsburgh History & Landmarks Foundation offer for free?,"The Pittsburgh History & Landmarks Foundation offers free tours for teachers, students, adults, and visitors."
"When visiting The Allegheny Observatory, what is included in the free evening tour?","The free evening tour includes a site walk and a visit to the observatory, but it does not include drink vouchers or a chocolate tasting."
Which Pittsburgh museum focuses on the gilded age and offers free admissions?,The Frick Pittsburgh
What is housed in the University of Pittsburgh's Cathedral of Learning building?,"31 classrooms representing various national and ethnic groups, as well as the worlds fourth-tallest educational building."
What unique collection can be seen at St. Anthony's Chapel?,5000 relics of Catholic saints.
Which Pittsburgh event offers a chance to see local parks transformed into movie theaters?,POP UP MOVIES at a variety of scenic parks located throughout the City of Pittsburgh.
Where in Pittsburgh can you enjoy free professional jazz performances weekly?,Information on free sessions is available for the Pittsburgh International Jazz Festival.
Who does Josh Gibson Heritage Park honor besides Josh Gibson?,Josh Gibson Heritage Park honors his wife Helen Jacqueline Echols and their unborn child.
What architectural feature is Troy Hill Art Houses known for incorporating into a house?,"The architectural feature Troy Hill Art Houses are known for incorporating into a house is a brightly colored, ornamental terrazzo flooring panel at its landing."
Which gallery on Wood Street hosts exhibitions by multi-disciplinary media artists from around the globe?,820 Liberty Gallery.
What are visitors allowed to do for free within the Golden Triangle using Pittsburgh's subway system?,Visitors can explore the Golden Triangle area for free using Pittsburgh's subway system.
What is the architectural significance of Pittsburgh's Fort Pitt Block House?,The Fort Pitt Block House is significant for its Beaux Arts style and heroic scale. It was designed by Henry Hornbostel and dedicated in 1910. It is located in Pittsburgh's Oakland section at 4141 Fifth Avenue and is set back from the street with expansive lawns. The building represents all branches of the military and honors career and citizen soldiers who have served the United States throughout its history.
On what day is street parking free in downtown Pittsburgh?,Sundays and after 6:00 p.m. Monday through Saturday 
What language do the Seneca people speak?,Pittsburgh is known for its unique dialect with notable loans from Polish and other European languages.
What were the names of the two founders of the city of Pittsburgh’s Renaissance projects mentioned in the text?,Richard K Mellon and John P Robin
What two entities clashed for control of Pittsburgh area in the 1750s?,France and Great Britain.
What is the Pittsburgh Academy known as today?,University of Pittsburgh
Which Pittsburgh industry benefited from the American Civil War?,Steel industry
In what year did the Fort Pitt Blockhouse become a United States fort?,"1764 (Note: The Fort Pitt Blockhouse was not a United States fort, it was built before the United States existed.)"
"What is the name of the oldest structure in Pittsburgh, dating back to 1764?","The Blockhouse, a type of outbuilding known as a redoubt, is the oldest structure in Pittsburgh, dating back to 1764."
What natural disaster hit Pittsburgh in March 1936?,1936 Pittsburgh flood
Who was the key political figure responsible for enforcing the Smoke Control Ordinance in Pittsburgh?,David Lawrence
When did Pittsburgh first begin producing steel?,1875
What major structural feature is Pittsburgh known for?,"The intersection of the Allegheny River, Monongahela River, and Ohio River."
Which university is mentioned as evolving in response to the needs of heavy industries in the mid-20th century Pittsburgh?,Carnegie Mellon University and the University of Pittsburgh
What key event in 1946 further changed the industrial base of Pittsburgh?,"Pittsburgh became the center of the Arsenal of Democracy, producing munitions for the Allied war effort."
When did the Whiskey Rebellion take place?,1794.
What major social reform event is associated with Pittsburgh in 1877?,The American Civil War boosted the city's economy with increased iron and armament demand by the Union.
Who were some of the new immigrants that arrived in Pittsburgh between 1870 and 1920?,"European immigrants from Britain, Ireland, Germany, Italy, the Balkans, the Austro-Hungarian Empire, and the Russian Empire."
What catastrophic workplace event occurred in Pittsburgh in 1892 involving the Carnegie Steel Company?,10 deaths during the Homestead Strike.
Which notable historical baseball stadium was mentioned as being part of the cultural scene of Pittsburgh?,PNC Park
What term synonymous with illegal drinking establishments during Prohibition was purportedly coined in nearby McKeesport?,Speakeasy.
What is the estimated time period Native Americans started inhabiting the region around Pittsburgh according to archaeological evidence?,"19,000 years ago."
What type of facility is the Inglis Innovation Center planning to include in its Bellevue location?,An upscale and full-service hotel and retail and dining development along Forbes Avenue.
What is the focus of the entrepreneurship program at the Inglis Innovation Center?,"The entrepreneurship program at the Inglis Innovation Center focuses on cultivating ideas, technologies, and solutions that will make a difference in the world. It is the hub that connects and incorporates ongoing efforts through various programs and initiatives."
Which new sports team is mentioned as completing the pipeline from the Riverhounds Academy to professional women's soccer?,No related documents provide information on a new sports team completing the pipeline from the Riverhounds Academy to professional women's soccer.
What inspired the recreation of the Zucchini Casserole recipe?,The related documents do not provide information on the inspiration for the Zucchini Casserole recipe.
Which organization's groundbreaking is significant for offering a suite of services including healthcare?,University of Pittsburgh Medical Center (UPMC)
What kind of shows combined dance and theater at the Peirce Studio event?,Ballet Dance.
What did Amanda Waltz report about Pittsburgh's Mixtape events inspired by?,Pittsburgh's unsung heroine who taught America to sing.
Which TV genre does Jessie Sage discuss in relation to relationship insights?,Jessie Sage discusses relationship insights in relation to TV dramas.
What are Pittsburgh City Paper's staff suggesting to do between October 16-23?,"Pittsburgh Penguins Foundation Grants suggest submitting a Letter of Intent between October 1 - December 31, 2024."
What organization is monitoring neo-Nazi activities in Pittsburgh?,Women for a Healthy Environment
What does the Wilkinsburg’s Home Rule charter aim to increase for the borough’s residents?,The Wilkinsburg’s Home Rule charter aims to increase the funding for the improvement of the City's parks.
What role does the Pennsylvania treasurer play in state government?,The Pennsylvania treasurer is not mentioned in the provided text. The text is about the Treasurer of the City of Pittsburgh.
What was one focus of Eugene DePasquale's campaign for Attorney General?,Eugene DePasquale campaigned for Attorney General focusing on effectiveness.
Which show is scheduled for multiple performances at The Lamp Theatre?,Ghosted Tales from Carson
What significant event is taking place on October 25?,There is no related document to answer this question.
What year did Stacy Rounds recreate the Zucchini Casserole recipe from the QED Cooks collection?,2026 (Note: The provided text does not mention the year Stacy Rounds recreated the Zucchini Casserole recipe from the QED Cooks collection.)
What city does PA district 12 encompass?,Pittsburgh
What areas does PA district 17 cover?,"17,750,000"
What is the role of Pittsburgh in the history of the National Football League?,"Pittsburgh is home to one of the most successful franchises in the NFL, the Pittsburgh Steelers, which has won a record six Super Bowl titles."
What title related to sports cities did Pittsburgh win in 2009 according to Sporting News?,Best Sports City
Which university in Pittsburgh is noted for its medical and health-related sciences?,University of Pittsburgh
What significant award has the Pittsburgh Symphony Orchestra received?,"3 Oscars, 4 Grammys, a Tony, and 3 Golden Globe awards."
Which Pittsburgh-based medical institute has been a pioneer in organ transplants?,UPMC
What global event did Pittsburgh host in September 2009?,The G20 Summit
What is the historical significance of the Pittsburgh area in terms of industrial manufacturing during World War II?,"Pittsburgh was a vital contributor to the US war effort during World War II, providing 95 million tons of steel to the effort. The increased production output led to a workforce shortage, resulting in a significant migration of African Americans from the South to the city to find work."
How does Pittsburgh's public transportation rank in size within the United States?,26th largest.
What is one major economic transition that Pittsburgh has undergone from the late 20th century to the 21st century?,Pittsburgh has transitioned from a heavy industrial economy to a technology-driven economy.
"In what sector is Pittsburgh considered to continue having a global impact, as evidenced by contributions to projects like the Boeing 787 Dreamliner?",Technology.
What accolade was Pittsburgh given by Metropolis magazine in 2015?,Pittsburgh was listed among the eleven most livable cities in the world by Metropolis magazine in 2015.
Which Pittsburgh museum is dedicated to an iconic artist and features extensive collections of his work?,The Andy Warhol Museum
Which Pittsburgh sports team plays professional soccer and what is their home stadium?,"Pittsburgh Riverhounds, Highmark Stadium."
What nickname has been attributed to Pittsburgh reflecting its industrial past?,Steel City.
Which river in Pittsburgh is known for connecting to the Great Allegheny Passage trail system?,The Allegheny River
In what year did the University of Pittsburgh host the first public cross-species marrow transplant?,1996
What is the name of the historic area in Pittsburgh that was key during the French and Indian War?,The area is known as Fort Pitt.
What prestigious health-related institution in Pittsburgh is known for groundbreaking medical research and care?,University of Pittsburgh Medical Center (UPMC)
Which annual Pittsburgh cultural event celebrates the city's ethnic diversity through its culinary tradition?,Pittsburgh Restaurant Week.
What is the name of the jazz series held by Manchester Craftsmen's Guild in Pittsburgh?,MCG Jazz
"In which neighborhood of Pittsburgh is CJs, a venue noted for jazz music, located?",Downtown Pittsburgh.
During which month is the annual Pittsburgh JazzLive International Festival held?,September.
In what part of Pittsburgh does the Pittsburgh JazzLive International Festival take place?,Downtown Pittsburgh.
Which type of musical instrument did Ray Brown play in the Pittsburgh jazz scene?,Ray Brown was a jazz double bassist.
"Which famous jazz keyboard player associated with Pittsburgh was known as ""Fatha""?",Billy Strayhorn
What is the name of the jazz group led by Roger Humphries?,RH Factor.
Which Pittsburgh jazz musician is renowned for his contributions to both the drums and vocals?,Sean Jones
Can you name a jazz festival that is specifically mentioned as occurring in Pittsburgh?,Pittsburgh International Jazz Festival.
What jazz ensemble includes George Benson and Joe Negri as guitar players?,RML Jazz
Who is the artist responsible for writing the content about the current jazz performers in Pittsburgh?,The content about the current jazz performers in Pittsburgh is written by the AWAACC (Association for the Advancement of Creative Musicians).
Which museum in Pittsburgh features exhibits related to the Underground Railroad and Mister Rogers?,Heinz History Center
Which museum in Pittsburgh allows visitors to experience interactive simulations of lunar missions?,The Buhl Planetarium
What type of artworks can one explore at The Andy Warhol Museum in Pittsburgh?,The Andy Warhol Museum in Pittsburgh is dedicated to a single artist and holds an extensive permanent collection of art and archives from Andy Warhol.
What is one of the activities that can be enjoyed at the Mattress Factory museum?,20 longterm installations are hosted at the Mattress Factory museum.
Which museum in Pittsburgh specializes in materials related to bicycles and is noted as the world's largest bike museum and store?,Bicycle Heaven Museum
What specific historic event does the Fort Pitt Museum in Pittsburgh focus on illustrating?,The Fort Pitt Museum in Pittsburgh focuses on illustrating the pivotal role of Western Pennsylvania during the French and Indian War and the American Revolution.
"At the Children's Museum of Pittsburgh, what sort of play area is mentioned as encouraging creativity among visitors?",MAKESHOP
Which museum in Pittsburgh is recognized for displaying one-of-a-kind specimens and gems relevant to dinosaur aficionados and geology buffs?,Carnegie Museum of Natural History.
What is celebrated through the exhibits at the Steelers Hall of Honor Museum?,90 years of Steelers history and nearly 50 Hall of Honor inductees.
In which Pittsburgh museum can you find a variety of Smithsonian objects?,Senator John Heinz History Center and Western Pennsylvania Sports Museum.
What type of guide is available for potential visitors to help them plan a trip to Fallingwater?,2024-2025 School Programs Booklet.
What attracts visitors to the Daniel G. and Carole L. Kamin Science Center within Pittsburgh?,"The Carnegie Science Center attracts visitors with its interactive exhibits, including the Buhl Planetarium, Rangos Giant Theater, Robot Hall of Fame, SportsWorks, Miniature Railroad Village, and USS Requina. It also has a significant number of visitors each year, with nearly 500,000 visitors annually."
What can younger audiences expect to find at Pittsburgh's Children's Museum besides the waterplay area?,"Interactive exhibits such as the MAKESHOP Kindness Gallery Studio, Backyard Garage, Garden Theater, and Nursery areas, as well as ongoing programs and workshops in various media and fields. Additionally, there are iconic items from Mister Rogers' Neighborhood and collaborations with institutions like the University of Pittsburgh and the Create a Comic Project."
What early role did Pittsburgh play in the history of the United States as a frontier village?,"Pittsburgh was a strategic location and played an important role in the history of the United States as a frontier village. It was founded in 1758 and was named in honor of British statesman William Pitt. Pittsburgh became known as the Gateway to the West due to its location at the intersection of three major waterways, which opened the way for trade in products such as coal, timber, glass, natural gas, iron, and limestone. By 1911, Pittsburgh manufactured half of the nation's steel. However, due to the pollution given off by the steel factories, the city had a"
What natural resources contributed to Pittsburgh becoming an industrial center?,Coal and gas.
What global conflict had Pittsburgh participating from its earliest days in history?,The French and Indian War
Which rebellion is associated with Pittsburgh's history in 1791?,The Whiskey Rebellion
Who introduced the Bessemer steel-making process to Pittsburgh?,Andrew Carnegie
What was the primary industry for which Henry Clay Frick became known in Pittsburgh?,Steel industry
When did Andrew Carnegie begin steel production?,19th century
Which major steel company was formed in 1901 involving Carnegie and Frick?,United States Steel
What significant labor event occurred at Homestead Steel that impacted labor practices and laws?,"The Homestead Strike of 1892, during which Andrew Carnegie and Henry Clay Frick shut down the steelworks and refused to employ union workers, leading to widespread violence and the eventual passage of federal labor laws."
What public institutions did Andrew Carnegie donate to in Pittsburgh?,Carnegie Institute of Technology (now Carnegie Mellon University) and Carnegie Museums of Pittsburgh.
What Pittsburgh neighborhood reflects the city's immigrant history through its ethnic character?,The East End neighborhood.
What industries has Pittsburgh reinvented itself as a hub for after the decline of steel production?,"Pittsburgh has reinvented itself as a hub for technology, robotics, healthcare, nuclear engineering, tourism, biomedical technology, finance, education, and services."
Name the sports teams in Pittsburgh known for wearing black and gold.,"The Steelers (football), Penguins (hockey), Pirates (baseball), and Riverhounds (soccer) all wear black and gold as their team colors."
Where can visitors go for an immersive historical experience of Pittsburgh?,"Visitors can explore various historical sites and landmarks in Pittsburgh, including taking a ride on the historic Duquesne Incline for panoramic views of the city's skyline and rivers, hiking, biking, and picnicking at parks and green spaces such as Schenley Park and Point State Park, and visiting the numerous neighborhoods that make the city unique. The Official Visitors Guide provides helpful planning tips and information on must-see attractions."
Which museum is noted as a must-see destination in Pittsburgh?,Pittsburgh's museums offer diverse perspectives and engaging exhibits. Some popular options include the Steelers Hall of Honor Museum and Bicycle Heaven Museum.
What is the primary focus of the Latin American Cultural Center that opened in Oakland as reported?,The Latin American Cultural Center in Oakland focuses on diversity and inclusion.
"Which river provides the setting for the event described in ""2024 Fall Sailing at the Point""?",The Water of Leith
"What economic trend was affecting local newspapers as discussed in ""Noteworthy Summer 2024""?","The trend discussed in ""Noteworthy Summer 2024"" was the shift from print to online newspapers."
Who were the founders of the first commercially successful plate glass factory in the US?,The American Civil War boosted the city's economy with increased production of iron and armaments especially at the Allegheny Arsenal and the Fort Pitt Foundry.
"What conflict had ended by the 1996 Peace Accords depicted in Paula Nicho Cúmez's painting discussed in the ""2023 Summer Latin American Cultural Center Opens in Oakland""?",The painting does not provide information about the specific conflict depicted.
"What percentage of the population increase in Allegheny county from 2010 to 2020 was due to immigrants according to ""Pittsburgh's Immigrant Puzzle""?",32.
"According to ""Pittsburgh's 2023 Economic Forecast,"" in how many major industrial sectors had Pittsburgh's labor market not yet recovered to pre-pandemic levels?","None. The text does not provide information on the labor market recovery in specific industrial sectors in Pittsburgh's 2023 Economic Forecast. However, it does mention that the annual payroll of the regions technology industries exceeded 108 billion in 2007 and there were 1600 technology companies in 2010. These figures suggest that the technology sector had recovered from the pandemic by then."
"What motivated Jordan Fischbach to move his family to southwestern Pennsylvania as mentioned in ""Shelter from the Storm""?",Jordan Fischbach moved his family to southwestern Pennsylvania to live in a historic house named Clayton.
"According to ""2022 Fall Unlike Pittsburgh, Detroit is Waging an All-Out War Against Blight - AND WINNING"", what major economic and social challenge was Detroit facing that related to property?",Detroit was facing a crisis of blighted urban conditions and housing property values were depreciating.
"What partner worked with the Community College of Allegheny County on a robotics training course as described in ""The Workforce Training Swamp""?",Carnegie Mellon Robotics Academy
"What transportation project from the mid-1960s aimed to diversify southwestern Pennsylvania's economy is discussed in ""PLACE YOUR BETS""?",I-579 Cap Project
"Who was highlighted as a lifelong member of the Steelers in ""On a Pedestal, Spring 2022""?",Myron Cope
"What is the official tourism site for Pittsburgh, PA titled?",2024 Pittsburgh Taco Festival
What event signifies the start of NFL season for the Steelers?,"The NFL season starts with the Steelers on September 3, 2024."
In what year will Pittsburgh host the NFL Draft?,2026.
What is the name of the stadium where the Steelers play?,Acrisure Stadium
Name a James Beard Award-nominated restaurant in Pittsburgh.,Nik Forsberg offetfisk
"What unique type of brewery does Pittsburgh have, known as Pennsylvania's first?",Penn Brewery
How can visitors contact the Visit Pittsburgh office by phone?,412-323-1200.
Who is the owner of the Pittsburgh Penguins?,Mario Lemieux
What year was the Pittsburgh Penguins team founded?,1967.
Which arena do the Pittsburgh Penguins play their home games at?,PPG Paints Arena
How many Stanley Cup championships have the Pittsburgh Penguins won as of 2024?,5 Stanley Cup championships.
Who is the general manager of the Pittsburgh Penguins as of 2024?,Jim Rutherford
Who is the captain of the Pittsburgh Penguins as of 2024?,Sidney Crosby
How many division championships have the Pittsburgh Penguins won as of 2024?,1 (in 2008)
What year was the Pittsburgh Steelers football team established?,1933.
What is the nickname for the defensive line of the Pittsburgh Steelers from 1971 to 1981?,The Steel Curtain.
"Who was the first African-American head coach of the Pittsburgh Steelers, starting in 2007?",Mike Tomlin
What was the original name of the Pittsburgh Steelers from 1933 to 1939?,Pittsburgh Steeling Company
In what year did the Pittsburgh Steelers win their first Super Bowl?,1975 (Super Bowl X)
Which mascot was introduced by the Steelers in their 2007 season?,Steely McBeam
What are the official team colors of the Pittsburgh Steelers?,Black and gold.
What is the title of the program dedicated to connecting youth to football activities?,Citisports/sports programming.
Which weekly activities are featured exclusively on the Steelers Mobile App through YinzChat?,"Steelers trivia questions every Tuesday, Thursday and Saturday."
How can fans feature their game day rituals or traditions on the Steelers' website?,Submit Your Tradition.
What can you book Steely McBeam for?,"Steely McBeam can be booked for appearances, subject to availability and an appearance fee."
Where can one find Steelers Bars as part of a promotion?,One of the best sports cities in the nation also has great sports bars to watch the big game!
What hashtag can fans use to get featured by showing what they are wearing from the Steelers Pro Shop?,#SteelersGear
What activities are included at the Steelers Spooktacular?,"The question does not provide enough context to answer directly from the related documents. However, based on the provided documents, there is no mention of a Steelers Spooktacular event. Therefore, the answer is: There is no information provided about the Steelers Spooktacular in the related documents."
"What is the result of the Pittsburgh Steelers' game against the Atlanta Falcons on September 8, 2024?","I cannot provide the answer directly related to the question as there is no related document available. However, based on my knowledge, the Pittsburgh Steelers have played against various teams throughout the years, including the Atlanta Falcons. The outcome of a specific game, such as the one mentioned in the question, would depend on the particular matchup and the performance of both teams at that time. Unfortunately, without access to more information, it is impossible to determine the result of this specific game."
"Where did the Steelers play against the Denver Broncos on September 15, 2024?","The document does not provide information on the location of the Steelers' game against the Denver Broncos on September 15, 2024."
On what date did the Pittsburgh Steelers have a game scheduled against the New York Jets in 2024?,"Oct 28, 2024."
Which television network broadcasted the Steelers' game against the New York Jets?,CBS and KDKA (for the local market)
What is the Steelers' final regular season home game for 2024 against the Cincinnati Bengals scheduled as?,The final regular season home game for the Steelers against the Cincinnati Bengals in 2024 is an effort to show gratitude to the dedicated fans for their support throughout the year and takes place at Acrisure Stadium.
"Who are the Steelers playing on December 25, 2024?",There is no related document to answer this question.
Where is the Pittsburgh Steelers home stadium as of 2024?,Acrisure Stadium
"What is the name of the Major League Baseball team based in Pittsburgh, Pennsylvania?",Pittsburgh Pirates
In which year was the Pittsburgh Pirates baseball team established?,1882.
What is the name of the stadium where the Pittsburgh Pirates have played their home games since 2001?,PNC Park
How many World Series championships have the Pittsburgh Pirates won?,5 championships.
Who is the manager of the Pittsburgh Pirates as of the 2024 season?,The question does not provide the name of the manager of the Pittsburgh Pirates as of the 2024 season in the related documents.
What are the official colors of the Pittsburgh Pirates?,Black and gold.
"What nickname is derived from ""buccaneer"" and commonly used for the Pittsburgh Pirates?",Bucs or Buccos.
What ticket purchasing platform is mentioned for the Pittsburgh Pirates?,SeatGeek.
What is the name of the park where the Pittsburgh Pirates play?,PNC Park
Which app is mentioned for MLB ballpark experiences?,MLB Ballpark app.
What type of tickets are available for Pirates games?,"Single Game Tickets, Season Tickets, Group Tickets, Premium Seating, Hospitality Areas, Buy & Sell Tickets on SeatGeek."
What are the Pirates' charitable initiatives referred to as?,Pirates Charities
What is the name of the children's club associated with the Pirates?,Bucaroos Kids Club
What is the name of the stadium where the Pittsburgh Pirates play their home games since 2001?,PNC Park
In what year was the Pittsburgh Pirates baseball team established?,1882.
Which Major League Baseball division do the Pittsburgh Pirates play in?,The Pittsburgh Pirates play in the Central Division of the National League.
What are the official colors of the Pittsburgh Pirates?,Black and gold.
Who hit the game-winning home run in the 1960 World Series for the Pittsburgh Pirates?,Bill Mazeroski hit the game-winning home run in the 1960 World Series for the Pittsburgh Pirates.
How many World Series championships have the Pittsburgh Pirates won up to 2023?,5
Who is the Pirates player that won the World Series MVP in 1971?,Roberto Clemente
What is the name of the stadium where the Pittsburgh Steelers play?,Acrisure Stadium.
How many times have the Pittsburgh Steelers won the Super Bowl?,6 times.
What is a symbol commonly associated with the Pittsburgh Steelers?,"The Steelmark logo, which features interlocking hypocycloids, represents Pittsburgh's rich steel history."
Who created the Terrible Towel?,Myron Cope
When does Steelers training camp usually start?,The start date for Steelers training camp is not confirmed until sometime in June or early July.
Where can Steelers fans trade their game tickets?,"The Ticket Office at 412-323-1200 or ticketoffice@steelers.com, or the website <https://www.steelers.com/tickets/>."
Which website provides official merchandises like jerseys and hats for the Steelers?,The Steelers Pro Shop at Acrisure Stadium.
What is the official website of the Pittsburgh Penguins?,pittsburghpenguins.com
What social media platforms are mentioned for the Pittsburgh Penguins?,"Instagram, Facebook, YouTube, TikTok, LinkedIn."
What type of content sections are mentioned in the navigation menu of the Pittsburgh Penguins website?,"Tickets, Team, News, Schedule, Photos, Video, Scores, Stats, Community, Fans, Game Day, Shop, League, Help."
Which league do the Pittsburgh Penguins belong to?,National Hockey League (NHL)
What is the word mark image related to that is mentioned as a registered trademark?,The word mark and image of the Stanley Cup
What type of content does pittsburghpenguins.com include aside from the team roster?,"Pittsburghpenguins.com includes team news, press releases, interviews, videos, photos, schedules, tickets, and fan travel information."
Where is the Hall of Honor Induction Ceremony held?,During the team's annual Alumni Weekend celebration.
Who are the presenting partners for the Hall of Honor Dinner Ceremony?,The related documents do not provide information on the presenting partners for the Hall of Honor Dinner Ceremony.
What is the purpose of the ticket proceeds from the Hall of Honor Dinner?,The Chuck Noll Foundation for Brain Injury Research.
Who are some of the members of the Hall of Honor Class of 2024?,Willie Parker, Casey Hampton, Jason Gildon, Dick LeBeau
When is the Hall of Honor Induction Ceremony scheduled for 2024?,Saturday, December 7, 2024
What is the date and opponent for the Pittsburgh Steelers' first regular season game in 2024?,"The Pittsburgh Steelers' first regular season game in 2024 is against the New York Giants on October 28, 2024. The game will be held at Acrisure Stadium and will kick off at 8:15 pm. Gates will open at 6:15 pm and fans are encouraged to arrive 2 hours early to avoid traffic and enjoy pregame activities. Parking lots and garages will open 5 hours prior to kickoff."
"On what network is the Pittsburgh Steelers vs. New York Jets game on October 20, 2024, being broadcast?",WPXI channel 11.
"What is the result of Pittsburgh Steelers' game against Indianapolis Colts on September 29, 2024?",24-27
What type of bag policy does Acrisure Stadium enforce?,Acrisure Stadium enforces an All Clear On Game Day safety policy requiring guests to carry their items in clear bags. Bags exceeding 45 by 65 inches are not permitted.
Which team did Pittsburgh Steelers face in Week 16 of the year 2024?,BAL
"What platform will broadcast the Steelers vs. Chiefs game on December 25, 2024?","The document does not provide information on which platform will broadcast the Steelers vs. Chiefs game on December 25, 2024."
What date is the 2024 bye week for the Pittsburgh Steelers?,"10/11 (based on the provided document, the bye week is not explicitly stated)"
Who is the President of the Pittsburgh Steelers?,Art Rooney II
Who is the Head Coach of the Pittsburgh Steelers?,Mike Tomlin.
Who is the General Manager of the Pittsburgh Steelers?,Omar R. Khan
What is the role of Teryl Austin in the Pittsburgh Steelers coaching staff?,Teryl Austin is the defensive coordinator for the Pittsburgh Steelers.
Who is responsible for the Pittsburgh Steelers' strength and conditioning?,"Phil Matusz, Head Strength and Conditioning Coach."
Who is the Vice President of Ticket Operations for the Pittsburgh Steelers?,Ben Lentz
Who is the Senior Director of Community Relations for the Pittsburgh Steelers?,Mark Benders
What is the address of PNC Park?,"115 Federal Street, Pittsburgh, PA 15212."
What is one of the main contact numbers for PNC Park?,412-325-4700.
In what year did PNC Park open?,2001.
What type of seating map is available for PNC Park?,PNC Park provides a seating map on their website for ticket purchases.
"What river is near PNC Park, enhancing its scenic views?",The Allegheny River.
What are PNC Park's ticket office hours on weekdays?,1 hour before game time for Monday-Thursday and 1 ½ hours before game time for Friday-Saturday.
What MLB division do the Pittsburgh Pirates belong to?,The Pittsburgh Pirates belong to the Central Division of the National League.
Who is the Manager of the Pittsburgh Pirates?,Clint Hurdle
Who is the Bench Coach for the Pittsburgh Pirates?,Don Kelly
Who serves as the Pitching Coach for the Pittsburgh Pirates?,Oscar Marin
What is the role of Christian Marrero in the Pittsburgh Pirates coaching staff?,Christian Marrero is the Assistant Hitting Coach for the Pittsburgh Pirates.
What position does Tarrik Brock coach for the Pittsburgh Pirates?,Tarrik Brock coaches first base for the Pittsburgh Pirates.
Who is the General Manager of the Pittsburgh Pirates?,Neal Huntington
Who holds the position of Third Base Coach for the Pittsburgh Pirates?,Mike Rabelo
What is one of the must-see destinations in Pittsburgh?,The historic Duquesne Incline for panoramic views of the city's skyline and rivers.
"How many original fossils are displayed in the ""Dinosaurs in Their Time"" exhibit at CMNH?","10 million are cataloged in online databases, but the number on view at any given time is about 1 million."
Who is the head paleontologist at Carnegie Museum of Natural History?,There is no specific head paleontologist mentioned in the provided text. The text mentions that Carnegie Museum of Natural History has a team of scientists who discovered many world-famous dinosaurs.
What is featured in the Hillman Hall at CMNH?,"318 offices, labs, computer clusters, lecture halls, classrooms, and a 255-seat auditorium."
"Until what date does the exhibit ""The Stories We Keep: Conserving Objects from Ancient Egypt"" run at CMNH?","Mar 9, 2025."
What is the theme of the events during Super Science Saturdays at CMNH?,The theme of the events during Super Science Saturdays at CMNH is not mentioned in the provided document.
What unique event can you attend at CMNH during 21+ Nights?,21 Night Solstice Party.
What is the name of the exhibit that features dinosaurs in the Carnegie Museum of Natural History?,Dinosaurs in Their Time
"How long will the exhibit ""The Stories We Keep: Conserving Objects from Ancient Egypt"" be shown at the CMNH?","1 year, from March 9, 2024 to March 9, 2025."
Who is the head paleontologist at the Carnegie Museum of Natural History mentioned as a local celebrity?,The text does not provide the name of the head paleontologist at the Carnegie Museum of Natural History mentioned as a local celebrity.
What special event at CMNH is designed for children ages 5-12?,Fiddlesticks Family Concerts
What is one of the special night events at CMNH for adults over 21?,21 Night Solstice Party
What special gallery at CMNH displays gems and jewelry?,Maker & Muse: Women and Early Twentieth Century Art Jewelry
"What type of objects does the new exhibit ""The Stories We Keep"" at the CMNH focus on?",80 ancient Egyptian objects are featured in the exhibit.
What rivers converge to form the Ohio River at Pittsburgh?,The Allegheny and Monongahela Rivers converge to form the Ohio River at Pittsburgh.
What year was Pittsburgh officially recognized as a city?,1816.
Who named Pittsburgh after the British statesman William Pitt the Elder?,General John Forbes named Pittsburgh after William Pitt the Elder in 1758.
What was Pittsburgh known as in 1850 due to its industry?,Pittsburgh was known as the 'City of Iron' in 1850.
Which former steel town was mentioned as having faced significant unemployment due to industrial decline?,Pittsburgh
What high-technology industries did Pittsburgh diversify into after the decline of the steel industry?,"Pittsburgh diversified into high technology industries such as robotics, health care, nuclear engineering, tourism, biomedical technology, finance, education, and services."
Which university in Pittsburgh was chartered in 1787?,The University of Pittsburgh
What is the second-most populous city in Pennsylvania?,Pittsburgh
Which river does not flow through Pittsburgh?,"None of the above mentioned rivers (Allegheny, Monongahela, Ohio) do not flow through Pittsburgh."
What year was Pittsburgh founded?,1758.
Who named Pittsburgh?,General John Forbes named Pittsburgh in 1758.
What is the nickname for Pittsburgh due to its manufacturing of steel?,Steel City
What is Pittsburgh's highest elevation point in feet?,88 feet.
What major award is mentioned that the University of Pittsburgh Medical Center has consistently earned since 2000?,"8-year, 678 million dollar agreement with IBM to upgrade medical technologies and health information systems."
What year did the Pittsburgh Zoo & PPG Aquarium originally open?,1898.
Who donated the funds to build the Phipps Conservatory and Botanical Gardens?,Henry W Phipps
What unique status does the National Aviary hold in America?,Home to more than 600 birds from over 200 species.
What does the Carnegie Library of Pittsburgh offer across its 19 branches?,19 branches.
"Which museum is the largest in America dedicated to a single artist, and which artist is it dedicated to?","The Walters Art Museum is dedicated to a single artist, and that artist is Walters. However, it is not the largest museum in America dedicated to a single artist. The correct answer is the Georgia O’Keeffe Museum, which is dedicated to the artist Georgia O’Keeffe."
Where does the Pittsburgh Symphony Orchestra perform?,"Heinz Hall, Pittsburgh, PA."
What is the estimated launch date for the new City of Pittsburgh website?,2024.
What year did the Pittsburgh Zoo & PPG Aquarium originally open?,1898.
Who donated to the City of Pittsburgh for the construction of the Phipps Conservatory and Botanical Gardens?,Henry W Phipps
What unique status does the National Aviary hold in America?,Home to more than 600 birds from over 200 species.
How many branches does the Carnegie Library of Pittsburgh have?,"The Carnegie Library of Pittsburgh is a public library system and its size is not mentioned in the provided document. However, it is ranked as the ninth largest public library in the nation."
How many museums are included in the Carnegie Museums of Pittsburgh?,7 museums are included in the Carnegie Museums of Pittsburgh.
Where is the Pittsburgh Symphony Orchestra based?,"600 Penn Avenue, Pittsburgh, PA, 15222."
What is the scheduled launch date for the new City of Pittsburgh website?,2024.
What are the dates for Picklesburgh in 2024?,"Thursday, July 11 – Sunday, July 21, 2024."
Where is Picklesburgh 2024 being held?,2024 festival will be held. (No specific location mentioned in the provided documents.)
How many years has Picklesburgh been named the #1 Specialty Food Festival by USA Today?,3 consecutive years.
What new competition is being introduced at Picklesburgh in 2024?,A pickle juice drinking contest.
What types of contests are included in the Olympickle Games?,The documents do not provide information on the types of contests included in the Olympickle Games.
What quirky food items can you find at Picklesburgh?,"10 ounce cans of Dill Pickle Flavored Peanuts, Pickle Key Chains, Pickle Hair Clips, Pickle Stickers, Pickle Earrings, and Pickle Birthday Cards."
Where is the Pittsburgh Downtown Partnership located?,"Pittsburgh, Pennsylvania."
What is the name of the festival held in the Bloomfield neighborhood of Pittsburgh?,Little Italy Days.
On which dates will Pittsburgh's Little Italy Days take place in 2024?,"Aug 15-18, 2024."
What is the location for Pittsburgh's Little Italy Days festival in 2024?,Liberty Ave in Bloomfield from Ella St to Gross St.
Is there an admission fee to attend Pittsburgh's Little Italy Days?,"No, it's free to attend."
Where is free parking available during the Little Italy Days?,"UPMC Luna Garage, Liberty parking garage, and along the streets."
What type of entertainment can attendees expect at the Little Italy Days festival?,Live entertainment.
Which service is provided to assist with accessibility to the Little Italy Days festival?,A shuttle service is available.
What is the date of the Pittsburgh Taco Festival in 2024?,"September 14, 2024."
What are the general event hours for the Pittsburgh Taco Festival?,12:30 pm to 7:00 pm.
What special access do Gold Ticket holders receive at the Pittsburgh Taco Festival?,11:30 early entry.
Which organizations benefit from the proceeds of the Pittsburgh Taco Festival?,The Pittsburgh Taco Festival supports nonprofits that serve the city's Latin American population.
Where is the Pittsburgh Taco Festival held?,The Strip District.
What is the official email address for the Pittsburgh Taco Festival?,PRpghtacofestcom
Who is the website provider for the Pittsburgh Taco Festival's website?,The document does not provide information about the website provider for the Pittsburgh Taco Festival's website.
What is the name of the event celebrating the American dessert in Latrobe?,The Great American Banana Split Festival.
When is the Great American Banana Split Celebration scheduled to take place in 2025?,"Aug 24-25, 2025."
Which city contributes financially and supports the Banana Split Celebration?,"Latrobe, Pennsylvania."
What is one of the athletic events featured at The Great American Banana Split Festival?,Banana Eating Contest.
Who was the inventor of the banana split?,An alum of the University of Pittsburgh invented the banana split in 1904.
What is the official dessert of Pennsylvania?,The Banana Split
Where is the Soul Food Festival 2024 located?,"Market Square, between Stanwix and Wood streets."
What is the admission fee for the Soul Food Festival in Pittsburgh 2024?,FREE.
What is the recommended dress theme for the Soul Food Fest After Party?,All white theme.
What hours is the Soul Food Festival open each day?,11 am to 10 pm daily.
What type of businesses does the Soul Food Festival honor?,Soul food vendors and craft vendors.
What is the main attraction of the South Side Soup Contest?,20 local restaurants allow shoppers to sample their soups for a low price.
When does Fish Fry Season start in 2024?,"Lent starts on Feb 14, 2024 and lasts until Easter Sunday, which falls on March 28, 2024. Fish Frydays occur on Fridays during this period. Therefore, Fish Fry Season starts on Feb 16, 2024."
What festival features over 20 restaurants showcasing international foods?,One Big Table.
When is the Big Nosh Jewish Food Festival in 2024?,"April 7, 2024."
"What is the primary focus of the event at the David L. Lawrence Convention Center on April 27, 2024?","The primary focus of the event at the David L. Lawrence Convention Center on April 27, 2024 is not mentioned in the provided document."
Where and when is the Pittsburgh Veg Fair held in 2024?,May 4, Rockwell Park.
How can restaurants get involved with Pittsburgh Restaurant Week?,Restaurants can be suggested to participate by filling out a nomination form and providing a special note to be shared with the restaurant owner.
What are the benefits of sponsoring the Pittsburgh Restaurant Week?,"Logo and link in sponsors section of the Pittsburgh Restaurant Week Official Website, name placement on all Pittsburgh Restaurant Week promotional posters, two tickets to a PRW event, banner signage at the Kickoff Party, Blogger Dinner, Wrap-Party or other special events held for Pittsburgh Restaurant Week, mentions on Social Media pages: Facebook – www.facebook.com/PghRestaurantWk, Twitter – www.twitter.com/PghRestaurantWk, and spotlights in e-mail newsletter promoting a service, product, or exclusive deal to"
What is the recommended action for attendees when they are seated during restaurant week?,Ensure to mention Pittsburgh Restaurant Week to the waitstaff to ensure you are getting the correct menus and pricing.
